entity,source_id,external_id,public_user_id,classification,account_count,candidate_public_user_ids,reason
terminal_trader,010527fd-1fbb-45f1-88b3-0a43f1a1ce40,c60b00eb-bf54-432f-b389-58767cfcadd6,c60b00eb-bf54-432f-b389-58767cfcadd6,CONFIRMED,1,c60b00eb-bf54-432f-b389-58767cfcadd6,Exact public.users.id to terminal_traders.external_id match
terminal_trader,01e0c8e4-9985-43ac-965d-fccef487bcd4,inttest-user-1783239091589,,UNRESOLVED,4,,No proven exact public.users.id match
terminal_trader,0a05f016-a575-4d84-86e2-7035e3a00b56,fb1354b3-454b-4529-8f7f-c0f0ae09ad57,fb1354b3-454b-4529-8f7f-c0f0ae09ad57,CONFIRMED,2,fb1354b3-454b-4529-8f7f-c0f0ae09ad57,Exact public.users.id to terminal_traders.external_id match
terminal_trader,0f47926a-8bf1-4961-b497-9804e244b2b0,2534af36-fd2e-42b4-bcae-2cd7f1d95044,2534af36-fd2e-42b4-bcae-2cd7f1d95044,CONFIRMED,1,2534af36-fd2e-42b4-bcae-2cd7f1d95044,Exact public.users.id to terminal_traders.external_id match
terminal_trader,0f6c5649-54cf-4c75-8045-2fbc4db7b2e4,e5540287-ff6a-4390-8f2d-9db284595280,e5540287-ff6a-4390-8f2d-9db284595280,CONFIRMED,0,e5540287-ff6a-4390-8f2d-9db284595280,Exact public.users.id to terminal_traders.external_id match
terminal_trader,11a0f4c6-d296-41f6-b7a3-df263ea96f99,1796b7ab-38d1-4ba4-a1c8-f11785696b78,1796b7ab-38d1-4ba4-a1c8-f11785696b78,CONFIRMED,1,1796b7ab-38d1-4ba4-a1c8-f11785696b78,Exact public.users.id to terminal_traders.external_id match
terminal_trader,14a2cba6-d0f4-4f97-b6f9-051e3a8c82b1,586c4d72-2acb-4205-a560-cf532724c321,586c4d72-2acb-4205-a560-cf532724c321,CONFIRMED,0,586c4d72-2acb-4205-a560-cf532724c321,Exact public.users.id to terminal_traders.external_id match
terminal_trader,189b3c02-78d8-4a77-9a01-3ae70923093a,e3669df4-5b47-45a7-9cb5-a84672083b85,e3669df4-5b47-45a7-9cb5-a84672083b85,CONFIRMED,0,e3669df4-5b47-45a7-9cb5-a84672083b85,Exact public.users.id to terminal_traders.external_id match
terminal_trader,1ba55f50-8713-4c88-8df0-722ab734c3aa,4acaf277-3eab-4904-ab6e-933e4f58c159,4acaf277-3eab-4904-ab6e-933e4f58c159,CONFIRMED,0,4acaf277-3eab-4904-ab6e-933e4f58c159,Exact public.users.id to terminal_traders.external_id match
terminal_trader,1f887156-be11-4e60-b96f-92d292d50021,0e4fa82a-2d4a-4c1a-a7f9-d9e77fc6ebf2,0e4fa82a-2d4a-4c1a-a7f9-d9e77fc6ebf2,CONFIRMED,0,0e4fa82a-2d4a-4c1a-a7f9-d9e77fc6ebf2,Exact public.users.id to terminal_traders.external_id match
terminal_trader,222fe8e0-be22-497f-9f45-debc856be0d2,458e06f6-2b52-4612-8570-33bacf836864,458e06f6-2b52-4612-8570-33bacf836864,CONFIRMED,3,458e06f6-2b52-4612-8570-33bacf836864,Exact public.users.id to terminal_traders.external_id match
terminal_trader,27da5a51-5c6e-4e4c-8a8e-b6ea01a702f4,ef4b7f7f-1ae0-4894-9131-c3367d3e3f26,ef4b7f7f-1ae0-4894-9131-c3367d3e3f26,CONFIRMED,0,ef4b7f7f-1ae0-4894-9131-c3367d3e3f26,Exact public.users.id to terminal_traders.external_id match
terminal_trader,28fa4c95-1dd7-4cdc-bd72-b2d68c853444,8f96f16d-b276-43c8-aba9-fc442209a548,8f96f16d-b276-43c8-aba9-fc442209a548,CONFIRMED,1,8f96f16d-b276-43c8-aba9-fc442209a548,Exact public.users.id to terminal_traders.external_id match
terminal_trader,294e603f-23af-4d8b-8f26-eb05caaf2295,699f3a02-59d0-4f23-a7d2-e920f28b3214,699f3a02-59d0-4f23-a7d2-e920f28b3214,CONFIRMED,1,699f3a02-59d0-4f23-a7d2-e920f28b3214,Exact public.users.id to terminal_traders.external_id match
terminal_trader,2aa99964-5342-4f20-8744-df7aba3a0981,dbb101ec-7340-4951-8dde-42c4688db83e,dbb101ec-7340-4951-8dde-42c4688db83e,CONFIRMED,1,dbb101ec-7340-4951-8dde-42c4688db83e,Exact public.users.id to terminal_traders.external_id match
terminal_trader,2c7d15d8-80fe-41e1-87dd-d864b422b57d,8812fb43-82e5-47ba-8b10-22c96fe07417,8812fb43-82e5-47ba-8b10-22c96fe07417,CONFIRMED,1,8812fb43-82e5-47ba-8b10-22c96fe07417,Exact public.users.id to terminal_traders.external_id match
terminal_trader,2f06ca7f-8bbc-4390-b3d4-d6c6cc37f669,9676bffa-7c8d-45fe-ae95-cf836c7da974,9676bffa-7c8d-45fe-ae95-cf836c7da974,CONFIRMED,0,9676bffa-7c8d-45fe-ae95-cf836c7da974,Exact public.users.id to terminal_traders.external_id match
terminal_trader,30127bce-ce9a-4805-ae73-781ff3a130cc,5a25a829-a5a9-4ee9-a015-e0be1e181a23,5a25a829-a5a9-4ee9-a015-e0be1e181a23,CONFIRMED,0,5a25a829-a5a9-4ee9-a015-e0be1e181a23,Exact public.users.id to terminal_traders.external_id match
terminal_trader,362851e8-e34a-4c41-a67e-8d9d54f555e0,2202cde7-591e-4ffa-90c2-138ecda7fcd5,2202cde7-591e-4ffa-90c2-138ecda7fcd5,CONFIRMED,0,2202cde7-591e-4ffa-90c2-138ecda7fcd5,Exact public.users.id to terminal_traders.external_id match
terminal_trader,3844515b-1b88-45af-a1d1-fc52d6ff461a,22a2ea37-264b-44f3-bd8c-4e06ea4a8e8d,22a2ea37-264b-44f3-bd8c-4e06ea4a8e8d,CONFIRMED,0,22a2ea37-264b-44f3-bd8c-4e06ea4a8e8d,Exact public.users.id to terminal_traders.external_id match
terminal_trader,398a03af-9945-4841-9f9d-c14ad52e8331,c68d70cd-ad04-44ed-b7b1-6a9bcbc11348,c68d70cd-ad04-44ed-b7b1-6a9bcbc11348,CONFIRMED,1,c68d70cd-ad04-44ed-b7b1-6a9bcbc11348,Exact public.users.id to terminal_traders.external_id match
terminal_trader,3a0afb92-f86f-48b4-9de5-d2ae54f66572,7708b504-d2db-46ea-9672-f504251ec6fa,7708b504-d2db-46ea-9672-f504251ec6fa,CONFIRMED,0,7708b504-d2db-46ea-9672-f504251ec6fa,Exact public.users.id to terminal_traders.external_id match
terminal_trader,3a953c35-8e46-4e58-b3a0-da6f2f89145c,e490465d-ac6d-4005-a12d-5fd5ea7a23f9,e490465d-ac6d-4005-a12d-5fd5ea7a23f9,CONFIRMED,1,e490465d-ac6d-4005-a12d-5fd5ea7a23f9,Exact public.users.id to terminal_traders.external_id match
terminal_trader,3bd820fe-35eb-4186-a1a0-3eb563ccfb92,f68a646d-97b5-443f-82dd-821fd9dac320,f68a646d-97b5-443f-82dd-821fd9dac320,CONFIRMED,0,f68a646d-97b5-443f-82dd-821fd9dac320,Exact public.users.id to terminal_traders.external_id match
terminal_trader,3decde40-73a8-4d48-8bb4-787f624f3087,3728af71-da89-4067-ae60-78a935c6be96,3728af71-da89-4067-ae60-78a935c6be96,CONFIRMED,1,3728af71-da89-4067-ae60-78a935c6be96,Exact public.users.id to terminal_traders.external_id match
terminal_trader,446468f6-edf7-4b0b-b002-ba01c024a751,964087fb-0022-49d8-a41c-1def2029aba8,964087fb-0022-49d8-a41c-1def2029aba8,CONFIRMED,1,964087fb-0022-49d8-a41c-1def2029aba8,Exact public.users.id to terminal_traders.external_id match
terminal_trader,4608c3ee-92e3-40f9-a10c-76f2a6f35a8b,51beedbe-9b22-4e89-8278-71a8e4adb992,51beedbe-9b22-4e89-8278-71a8e4adb992,CONFIRMED,0,51beedbe-9b22-4e89-8278-71a8e4adb992,Exact public.users.id to terminal_traders.external_id match
terminal_trader,465bb8da-1114-4a40-b21d-b066bd993904,175a3207-64ce-4fe0-8023-4b21cace6e0a,175a3207-64ce-4fe0-8023-4b21cace6e0a,CONFIRMED,2,175a3207-64ce-4fe0-8023-4b21cace6e0a,Exact public.users.id to terminal_traders.external_id match
terminal_trader,46c82c39-1275-405a-9207-e742d808992d,1bbe86d8-80e2-4a48-ac41-fadb4714bb3d,1bbe86d8-80e2-4a48-ac41-fadb4714bb3d,CONFIRMED,1,1bbe86d8-80e2-4a48-ac41-fadb4714bb3d,Exact public.users.id to terminal_traders.external_id match
terminal_trader,4714d530-1010-417a-8539-6833f939571d,517571ff-2458-4bf9-b07f-11ed09492fa7,517571ff-2458-4bf9-b07f-11ed09492fa7,CONFIRMED,0,517571ff-2458-4bf9-b07f-11ed09492fa7,Exact public.users.id to terminal_traders.external_id match
terminal_trader,474a20a1-15a6-4a46-ae52-04b3c00f0e8f,a8eebaa5-d7ca-40b6-b158-d3ee6b49b29c,a8eebaa5-d7ca-40b6-b158-d3ee6b49b29c,CONFIRMED,0,a8eebaa5-d7ca-40b6-b158-d3ee6b49b29c,Exact public.users.id to terminal_traders.external_id match
terminal_trader,4cc70a8e-5e8d-4303-928a-9bf867f2cbd5,621199be-0800-4222-a2e4-e7f520038aee,621199be-0800-4222-a2e4-e7f520038aee,CONFIRMED,3,621199be-0800-4222-a2e4-e7f520038aee,Exact public.users.id to terminal_traders.external_id match
terminal_trader,4d51f34e-cb23-4705-83fa-94e18afec00d,6957002f-acba-4303-9add-052403e343dc,6957002f-acba-4303-9add-052403e343dc,CONFIRMED,1,6957002f-acba-4303-9add-052403e343dc,Exact public.users.id to terminal_traders.external_id match
terminal_trader,4fcbd217-4be6-44d3-a7fc-82fd39dffb36,6bc970e2-58c9-4932-bd78-0ec8728d06f7,6bc970e2-58c9-4932-bd78-0ec8728d06f7,CONFIRMED,1,6bc970e2-58c9-4932-bd78-0ec8728d06f7,Exact public.users.id to terminal_traders.external_id match
terminal_trader,50d49c4e-77e4-45a7-b7a4-66c0ecba26cb,a184faab-d254-4b13-b37a-bf42c60029b7,a184faab-d254-4b13-b37a-bf42c60029b7,CONFIRMED,1,a184faab-d254-4b13-b37a-bf42c60029b7,Exact public.users.id to terminal_traders.external_id match
terminal_trader,5203c1c8-c85e-4501-a834-9fdf9cbc2996,cd1412c3-26d4-4cde-b48f-2e3f9de51e26,cd1412c3-26d4-4cde-b48f-2e3f9de51e26,CONFIRMED,0,cd1412c3-26d4-4cde-b48f-2e3f9de51e26,Exact public.users.id to terminal_traders.external_id match
terminal_trader,54d6fde7-a770-4c2d-8228-56e048b12731,8b7e6dce-5d03-45b4-9afb-51ca07bd7914,8b7e6dce-5d03-45b4-9afb-51ca07bd7914,CONFIRMED,0,8b7e6dce-5d03-45b4-9afb-51ca07bd7914,Exact public.users.id to terminal_traders.external_id match
terminal_trader,56f7331e-d19e-4ad7-ac51-5673bd1bcb5d,063caaa9-ed58-4791-ac27-f56d26a83b2f,063caaa9-ed58-4791-ac27-f56d26a83b2f,CONFIRMED,0,063caaa9-ed58-4791-ac27-f56d26a83b2f,Exact public.users.id to terminal_traders.external_id match
terminal_trader,5792985c-c5fc-400f-9589-eb4ea55bb3e3,a2c7f0ac-2468-4be3-9b8b-102a8104a01e,a2c7f0ac-2468-4be3-9b8b-102a8104a01e,CONFIRMED,0,a2c7f0ac-2468-4be3-9b8b-102a8104a01e,Exact public.users.id to terminal_traders.external_id match
terminal_trader,5ad3fb4a-4dc0-40f7-8bcc-73724547f06e,07e8bdfc-b542-46aa-acc5-b25c4ff19106,07e8bdfc-b542-46aa-acc5-b25c4ff19106,CONFIRMED,1,07e8bdfc-b542-46aa-acc5-b25c4ff19106,Exact public.users.id to terminal_traders.external_id match
terminal_trader,602fb11d-e2a3-4a8b-bf3c-c9208d04c7d9,e691c6b0-3488-40ef-86e8-05aa3139c4c6,e691c6b0-3488-40ef-86e8-05aa3139c4c6,CONFIRMED,0,e691c6b0-3488-40ef-86e8-05aa3139c4c6,Exact public.users.id to terminal_traders.external_id match
terminal_trader,62bae97a-ab87-48c7-a7a7-a1a3a253289e,9f932037-02b4-430b-ba57-43c36269905a,9f932037-02b4-430b-ba57-43c36269905a,CONFIRMED,0,9f932037-02b4-430b-ba57-43c36269905a,Exact public.users.id to terminal_traders.external_id match
terminal_trader,62d18176-d201-45db-b105-e1092d967160,28d031d1-03cc-4008-aadd-b1c3aea39a81,28d031d1-03cc-4008-aadd-b1c3aea39a81,CONFIRMED,0,28d031d1-03cc-4008-aadd-b1c3aea39a81,Exact public.users.id to terminal_traders.external_id match
terminal_trader,63297da2-2fd9-41af-8d30-7ca1f7bbb2cf,2dd01f1f-1c5c-447f-b7b3-0a1e9c6eaf89,2dd01f1f-1c5c-447f-b7b3-0a1e9c6eaf89,CONFIRMED,0,2dd01f1f-1c5c-447f-b7b3-0a1e9c6eaf89,Exact public.users.id to terminal_traders.external_id match
terminal_trader,6688c2f4-ce91-4387-90a5-bfd8535d51ea,fc225968-c900-406a-9e1c-db2453929e67,fc225968-c900-406a-9e1c-db2453929e67,CONFIRMED,1,fc225968-c900-406a-9e1c-db2453929e67,Exact public.users.id to terminal_traders.external_id match
terminal_trader,680f3b88-4499-444a-97c7-1a19ab534acf,9057c878-261b-4f4c-85bd-140f7b3c0f0f,9057c878-261b-4f4c-85bd-140f7b3c0f0f,CONFIRMED,1,9057c878-261b-4f4c-85bd-140f7b3c0f0f,Exact public.users.id to terminal_traders.external_id match
terminal_trader,6bd6b5ed-c222-46c6-989f-368a650ce96a,9ba8926a-345b-4488-a80c-23748c4b7ca7,9ba8926a-345b-4488-a80c-23748c4b7ca7,CONFIRMED,1,9ba8926a-345b-4488-a80c-23748c4b7ca7,Exact public.users.id to terminal_traders.external_id match
terminal_trader,6cb93cf8-184c-4af5-8281-fc083ff7091f,aa42b133-057c-41da-85b2-ef1861a8b0a1,aa42b133-057c-41da-85b2-ef1861a8b0a1,CONFIRMED,2,aa42b133-057c-41da-85b2-ef1861a8b0a1,Exact public.users.id to terminal_traders.external_id match
terminal_trader,6cd46900-49dd-4f8d-82cf-897db7002c0a,eedf7994-8c71-4ec9-b676-785cf232f5a1,eedf7994-8c71-4ec9-b676-785cf232f5a1,CONFIRMED,0,eedf7994-8c71-4ec9-b676-785cf232f5a1,Exact public.users.id to terminal_traders.external_id match
terminal_trader,6d793844-6ec1-4fc8-bd48-17248bd04dc8,d3ad19ba-77a9-4e8b-821e-4c5f188d823c,d3ad19ba-77a9-4e8b-821e-4c5f188d823c,CONFIRMED,0,d3ad19ba-77a9-4e8b-821e-4c5f188d823c,Exact public.users.id to terminal_traders.external_id match
terminal_trader,6fa0624d-243c-41ac-bb8b-ef27c6fdffec,5dddb356-bbbc-42ca-89b1-dc4c8080fa93,5dddb356-bbbc-42ca-89b1-dc4c8080fa93,CONFIRMED,1,5dddb356-bbbc-42ca-89b1-dc4c8080fa93,Exact public.users.id to terminal_traders.external_id match
terminal_trader,70efbf49-9744-4bb1-9ae5-da70341a0614,a8d5c957-533d-4e15-a988-abcb36a08579,a8d5c957-533d-4e15-a988-abcb36a08579,CONFIRMED,1,a8d5c957-533d-4e15-a988-abcb36a08579,Exact public.users.id to terminal_traders.external_id match
terminal_trader,711e278d-ca18-427f-88c6-be4a00a435dd,2c3f3a08-399e-40c4-a1e7-4627050b8576,2c3f3a08-399e-40c4-a1e7-4627050b8576,CONFIRMED,1,2c3f3a08-399e-40c4-a1e7-4627050b8576,Exact public.users.id to terminal_traders.external_id match
terminal_trader,71d6d492-3ec1-4315-acf5-6ad9523cde45,8b9b67a7-0e8e-4576-a6ec-d01bbc1f55fb,8b9b67a7-0e8e-4576-a6ec-d01bbc1f55fb,CONFIRMED,1,8b9b67a7-0e8e-4576-a6ec-d01bbc1f55fb,Exact public.users.id to terminal_traders.external_id match
terminal_trader,71f98481-f007-4a77-8f7b-877021b42178,f45daec2-f0b2-47a5-b26e-44687947fd06,f45daec2-f0b2-47a5-b26e-44687947fd06,CONFIRMED,0,f45daec2-f0b2-47a5-b26e-44687947fd06,Exact public.users.id to terminal_traders.external_id match
terminal_trader,72305e9d-736f-415c-8e8b-6e9256eee276,0666e452-1b5a-4193-a423-75fcaea1cc59,0666e452-1b5a-4193-a423-75fcaea1cc59,CONFIRMED,1,0666e452-1b5a-4193-a423-75fcaea1cc59,Exact public.users.id to terminal_traders.external_id match
terminal_trader,726e7d08-bad0-4bd5-b473-3cdd72ff2802,b57b94a0-1b86-4f06-8f80-1b43eff9ae8d,b57b94a0-1b86-4f06-8f80-1b43eff9ae8d,CONFIRMED,1,b57b94a0-1b86-4f06-8f80-1b43eff9ae8d,Exact public.users.id to terminal_traders.external_id match
terminal_trader,751ac7e5-5914-4966-8bbf-6af72cd38f34,7fcd7bc5-0902-474e-93ba-52b3fca83267,7fcd7bc5-0902-474e-93ba-52b3fca83267,CONFIRMED,1,7fcd7bc5-0902-474e-93ba-52b3fca83267,Exact public.users.id to terminal_traders.external_id match
terminal_trader,7768c505-51c6-431c-95e1-abf2a4d7a171,39cb295f-73ec-4df2-a1b7-1e35f7a1c1c1,39cb295f-73ec-4df2-a1b7-1e35f7a1c1c1,CONFIRMED,1,39cb295f-73ec-4df2-a1b7-1e35f7a1c1c1,Exact public.users.id to terminal_traders.external_id match
terminal_trader,77b239b1-69d4-4f98-8d38-4085ac78d727,3fd8cc25-674b-4dea-b3c5-eba063b8093a,3fd8cc25-674b-4dea-b3c5-eba063b8093a,CONFIRMED,1,3fd8cc25-674b-4dea-b3c5-eba063b8093a,Exact public.users.id to terminal_traders.external_id match
terminal_trader,791e3a0c-5e17-4555-8e30-47688cf92b14,c458d079-f187-4aa3-b1b5-c45ada777b72,c458d079-f187-4aa3-b1b5-c45ada777b72,CONFIRMED,6,c458d079-f187-4aa3-b1b5-c45ada777b72,Exact public.users.id to terminal_traders.external_id match
terminal_trader,795105b3-6b61-44bc-ae46-8c96d9c8de69,e6172c1f-9b01-40f7-87ba-e082555f68f1,e6172c1f-9b01-40f7-87ba-e082555f68f1,CONFIRMED,0,e6172c1f-9b01-40f7-87ba-e082555f68f1,Exact public.users.id to terminal_traders.external_id match
terminal_trader,7add05bf-c59e-4e94-b1e2-ee5181e00a12,492ddd62-b34c-43a7-93fb-619a19280c5f,492ddd62-b34c-43a7-93fb-619a19280c5f,CONFIRMED,0,492ddd62-b34c-43a7-93fb-619a19280c5f,Exact public.users.id to terminal_traders.external_id match
terminal_trader,7cd297e9-3b19-438a-b605-2f9d58f6a95c,9bf7d1d4-2426-4f00-8562-6a19474984ad,9bf7d1d4-2426-4f00-8562-6a19474984ad,CONFIRMED,0,9bf7d1d4-2426-4f00-8562-6a19474984ad,Exact public.users.id to terminal_traders.external_id match
terminal_trader,7cf31419-c04e-4b81-b577-443e68146041,d11c69bc-e0b3-46bf-b313-ff7caf0d0092,d11c69bc-e0b3-46bf-b313-ff7caf0d0092,CONFIRMED,1,d11c69bc-e0b3-46bf-b313-ff7caf0d0092,Exact public.users.id to terminal_traders.external_id match
terminal_trader,7d245af0-a3e1-4ae5-b69c-884b3cecba78,89df878a-dfb7-4c4a-8809-bb89ad1ba5a8,89df878a-dfb7-4c4a-8809-bb89ad1ba5a8,CONFIRMED,1,89df878a-dfb7-4c4a-8809-bb89ad1ba5a8,Exact public.users.id to terminal_traders.external_id match
terminal_trader,7f555686-1f3b-4b0e-94ec-84cec75d7e5d,55943f89-cb8e-4a43-ba66-726b9f7a69fd,55943f89-cb8e-4a43-ba66-726b9f7a69fd,CONFIRMED,1,55943f89-cb8e-4a43-ba66-726b9f7a69fd,Exact public.users.id to terminal_traders.external_id match
terminal_trader,86064cba-b521-4b24-9841-633230df5a14,aae75f29-2946-4dd8-8d72-09763b1ceef3,aae75f29-2946-4dd8-8d72-09763b1ceef3,CONFIRMED,0,aae75f29-2946-4dd8-8d72-09763b1ceef3,Exact public.users.id to terminal_traders.external_id match
terminal_trader,870dde5c-69ff-42d4-b1f2-eb93211c2cdf,e0d03cab-a933-451b-a30d-c27d17336eeb,e0d03cab-a933-451b-a30d-c27d17336eeb,CONFIRMED,0,e0d03cab-a933-451b-a30d-c27d17336eeb,Exact public.users.id to terminal_traders.external_id match
terminal_trader,8d0bbadc-aca2-44b9-864b-307943103407,56b97176-09cf-4d21-bc9c-93f6e6f90a02,56b97176-09cf-4d21-bc9c-93f6e6f90a02,CONFIRMED,0,56b97176-09cf-4d21-bc9c-93f6e6f90a02,Exact public.users.id to terminal_traders.external_id match
terminal_trader,8ee4a0ec-f958-425a-a9da-714a773577a2,7c32ce8a-66b6-4b8f-911a-7c909d1a5bdf,7c32ce8a-66b6-4b8f-911a-7c909d1a5bdf,CONFIRMED,1,7c32ce8a-66b6-4b8f-911a-7c909d1a5bdf,Exact public.users.id to terminal_traders.external_id match
terminal_trader,8f9d63b1-126d-46a3-9c24-3add9a7e3a90,89fe3e69-105f-4a5d-9143-26375bc9fd1e,89fe3e69-105f-4a5d-9143-26375bc9fd1e,CONFIRMED,1,89fe3e69-105f-4a5d-9143-26375bc9fd1e,Exact public.users.id to terminal_traders.external_id match
terminal_trader,9227781f-8645-4df2-8fac-195964e8a31b,e2f7a04c-6044-4cca-a01a-e7ab3e897970,e2f7a04c-6044-4cca-a01a-e7ab3e897970,CONFIRMED,1,e2f7a04c-6044-4cca-a01a-e7ab3e897970,Exact public.users.id to terminal_traders.external_id match
terminal_trader,92ba7358-0151-459d-8354-062dd8be20e4,197f4a23-5c77-42b2-b8a9-3a81fc48f2a2,197f4a23-5c77-42b2-b8a9-3a81fc48f2a2,CONFIRMED,0,197f4a23-5c77-42b2-b8a9-3a81fc48f2a2,Exact public.users.id to terminal_traders.external_id match
terminal_trader,94e774dd-0b20-4edf-8215-a1743ffad2c6,1e57afb4-e364-4438-aa84-1b37e265d227,1e57afb4-e364-4438-aa84-1b37e265d227,CONFIRMED,2,1e57afb4-e364-4438-aa84-1b37e265d227,Exact public.users.id to terminal_traders.external_id match
terminal_trader,95cc667e-3573-42cd-ba7e-ca92173fef41,5738f453-5b00-44b8-b7ba-cfcea8995280,5738f453-5b00-44b8-b7ba-cfcea8995280,CONFIRMED,1,5738f453-5b00-44b8-b7ba-cfcea8995280,Exact public.users.id to terminal_traders.external_id match
terminal_trader,994a16b8-269f-44f5-a05c-35b54ec0e341,3374eef7-2daa-4e93-b1a8-242312dec860,3374eef7-2daa-4e93-b1a8-242312dec860,CONFIRMED,1,3374eef7-2daa-4e93-b1a8-242312dec860,Exact public.users.id to terminal_traders.external_id match
terminal_trader,a1721377-a741-4d8d-b47b-902bed758b11,b48b3874-fea1-461e-954d-4e6c480ff4f9,b48b3874-fea1-461e-954d-4e6c480ff4f9,CONFIRMED,0,b48b3874-fea1-461e-954d-4e6c480ff4f9,Exact public.users.id to terminal_traders.external_id match
terminal_trader,a1fb6df4-91d9-4cb6-8988-5442a305bcf2,52edea08-d4ff-42b6-90e1-2cbabc85c83a,52edea08-d4ff-42b6-90e1-2cbabc85c83a,CONFIRMED,0,52edea08-d4ff-42b6-90e1-2cbabc85c83a,Exact public.users.id to terminal_traders.external_id match
terminal_trader,a3917b1a-97f0-4050-9542-3c11b82aae08,e9db74ce-e5f9-42be-b9ed-9cf3f7d6ad46,e9db74ce-e5f9-42be-b9ed-9cf3f7d6ad46,CONFIRMED,1,e9db74ce-e5f9-42be-b9ed-9cf3f7d6ad46,Exact public.users.id to terminal_traders.external_id match
terminal_trader,a39ca4ce-3967-4159-9dc1-5414ec0640f9,b0d712c2-4b3e-4168-abfa-12bed54398b6,b0d712c2-4b3e-4168-abfa-12bed54398b6,CONFIRMED,0,b0d712c2-4b3e-4168-abfa-12bed54398b6,Exact public.users.id to terminal_traders.external_id match
terminal_trader,a6aa3307-a9f9-4900-ac9d-039d1bf6a21f,d1b983b4-865f-4256-ad25-32a153c0bcfc,d1b983b4-865f-4256-ad25-32a153c0bcfc,CONFIRMED,2,d1b983b4-865f-4256-ad25-32a153c0bcfc,Exact public.users.id to terminal_traders.external_id match
terminal_trader,a99a47f0-61e1-4503-be5d-b06119fd42d7,test-user-runtime-001,,UNRESOLVED,1,,No proven exact public.users.id match
terminal_trader,aa094c86-160e-41f1-9eb2-a9c0ea5cb38e,fcf73905-3342-4ac8-8816-25a4c167543b,fcf73905-3342-4ac8-8816-25a4c167543b,CONFIRMED,1,fcf73905-3342-4ac8-8816-25a4c167543b,Exact public.users.id to terminal_traders.external_id match
terminal_trader,acd172aa-1e5e-4a6c-9c5c-97cf8f8b4566,50f9ca70-4169-44d1-a051-ce41d1f92535,50f9ca70-4169-44d1-a051-ce41d1f92535,CONFIRMED,1,50f9ca70-4169-44d1-a051-ce41d1f92535,Exact public.users.id to terminal_traders.external_id match
terminal_trader,ae997877-08e5-47c4-84dc-a6f7fc024774,f4f70d38-c911-4caa-a12f-a8480507e637,f4f70d38-c911-4caa-a12f-a8480507e637,CONFIRMED,1,f4f70d38-c911-4caa-a12f-a8480507e637,Exact public.users.id to terminal_traders.external_id match
terminal_trader,b03591b0-8de2-4b07-968d-f6ff0d7ef915,ff8d0fa7-1dd3-44c4-84da-ab15067c4d4c,ff8d0fa7-1dd3-44c4-84da-ab15067c4d4c,CONFIRMED,0,ff8d0fa7-1dd3-44c4-84da-ab15067c4d4c,Exact public.users.id to terminal_traders.external_id match
terminal_trader,b07e2726-d2a0-4414-810d-a73caa9da178,2f34eaf1-a7a2-45c0-8ad4-ce3505fff8da,2f34eaf1-a7a2-45c0-8ad4-ce3505fff8da,CONFIRMED,0,2f34eaf1-a7a2-45c0-8ad4-ce3505fff8da,Exact public.users.id to terminal_traders.external_id match
terminal_trader,b4a0a2de-c330-4510-a02c-4bfce7734a1c,2ea9996e-c263-4930-9202-5a55a57a7442,2ea9996e-c263-4930-9202-5a55a57a7442,CONFIRMED,0,2ea9996e-c263-4930-9202-5a55a57a7442,Exact public.users.id to terminal_traders.external_id match
terminal_trader,b51e09c5-b007-4a77-93bd-e4760131612f,48daa924-f840-4fa6-b37b-82a1ef5e06ec,48daa924-f840-4fa6-b37b-82a1ef5e06ec,CONFIRMED,0,48daa924-f840-4fa6-b37b-82a1ef5e06ec,Exact public.users.id to terminal_traders.external_id match
terminal_trader,bc1683a0-fb03-402b-9e56-ee9ea65055cd,3dfaf15f-5b36-4412-929b-519ff21ec028,3dfaf15f-5b36-4412-929b-519ff21ec028,CONFIRMED,0,3dfaf15f-5b36-4412-929b-519ff21ec028,Exact public.users.id to terminal_traders.external_id match
terminal_trader,bca50e12-83c1-4d55-86d5-a20ce79be0a7,a396bf15-7496-4ee5-a74e-be5fef2c8225,a396bf15-7496-4ee5-a74e-be5fef2c8225,CONFIRMED,0,a396bf15-7496-4ee5-a74e-be5fef2c8225,Exact public.users.id to terminal_traders.external_id match
terminal_trader,bcb94982-f353-43ce-9b61-873f7734a029,58198f97-5de8-4b0b-96f9-6836c55cacce,58198f97-5de8-4b0b-96f9-6836c55cacce,CONFIRMED,1,58198f97-5de8-4b0b-96f9-6836c55cacce,Exact public.users.id to terminal_traders.external_id match
terminal_trader,bf0088bc-5800-41b8-b49c-f41382c3c127,8fc8a0b3-29a9-4255-af09-43b8f76c2c64,8fc8a0b3-29a9-4255-af09-43b8f76c2c64,CONFIRMED,1,8fc8a0b3-29a9-4255-af09-43b8f76c2c64,Exact public.users.id to terminal_traders.external_id match
terminal_trader,c00a84d3-ebc0-475b-b692-9f0a2e2fc26c,b814d9fb-5da0-4be4-a20d-e863ff89fb27,b814d9fb-5da0-4be4-a20d-e863ff89fb27,CONFIRMED,1,b814d9fb-5da0-4be4-a20d-e863ff89fb27,Exact public.users.id to terminal_traders.external_id match
terminal_trader,c0a45569-f45e-40f5-8d62-d9b477183b39,89fadc1f-0401-4ad4-b7f3-8adddf307332,89fadc1f-0401-4ad4-b7f3-8adddf307332,CONFIRMED,0,89fadc1f-0401-4ad4-b7f3-8adddf307332,Exact public.users.id to terminal_traders.external_id match
terminal_trader,c0b8bf13-9abb-4cd8-846d-5f60e514b90b,3d647d80-b439-4540-ba83-ead1d3213e43,3d647d80-b439-4540-ba83-ead1d3213e43,CONFIRMED,1,3d647d80-b439-4540-ba83-ead1d3213e43,Exact public.users.id to terminal_traders.external_id match
terminal_trader,c2015f94-6beb-4a27-a5b4-b99e854e81c1,d880f607-0097-478b-ad3b-308a93bbab05,d880f607-0097-478b-ad3b-308a93bbab05,CONFIRMED,1,d880f607-0097-478b-ad3b-308a93bbab05,Exact public.users.id to terminal_traders.external_id match
terminal_trader,c20a5521-b3ca-4580-ba4b-7e72a118e4c7,eee08eef-efbe-41b7-b47d-03af324cc00d,eee08eef-efbe-41b7-b47d-03af324cc00d,CONFIRMED,1,eee08eef-efbe-41b7-b47d-03af324cc00d,Exact public.users.id to terminal_traders.external_id match
terminal_trader,c2c20218-db0a-4b3c-b93a-f8ee24be9cab,4d57f367-12db-4e1a-a3ab-cd2c00725c22,4d57f367-12db-4e1a-a3ab-cd2c00725c22,CONFIRMED,1,4d57f367-12db-4e1a-a3ab-cd2c00725c22,Exact public.users.id to terminal_traders.external_id match
terminal_trader,c49008b3-346a-4b53-9407-8129941aa175,f899d43d-244e-4f00-b7c7-9ec6e4ac81b1,f899d43d-244e-4f00-b7c7-9ec6e4ac81b1,CONFIRMED,0,f899d43d-244e-4f00-b7c7-9ec6e4ac81b1,Exact public.users.id to terminal_traders.external_id match
terminal_trader,c5b7eed6-d565-4626-8168-8d45610aedeb,f23a9164-a0fd-459b-90f7-e9efb871836b,f23a9164-a0fd-459b-90f7-e9efb871836b,CONFIRMED,1,f23a9164-a0fd-459b-90f7-e9efb871836b,Exact public.users.id to terminal_traders.external_id match
terminal_trader,c6d0fa6d-5da5-4ac5-81dc-a409a2cf7c9e,8e2f9a31-781a-464f-a4cb-9daa54693089,8e2f9a31-781a-464f-a4cb-9daa54693089,CONFIRMED,1,8e2f9a31-781a-464f-a4cb-9daa54693089,Exact public.users.id to terminal_traders.external_id match
terminal_trader,c9ab9a79-6566-48bf-806b-c584e04d3ae2,7c46edd0-5107-4a64-abee-cd188ae4b35d,7c46edd0-5107-4a64-abee-cd188ae4b35d,CONFIRMED,1,7c46edd0-5107-4a64-abee-cd188ae4b35d,Exact public.users.id to terminal_traders.external_id match
terminal_trader,ca05be7a-12db-47f3-a049-8bff88d961c0,e590a1eb-e3a9-46da-8843-f5057c0483fa,e590a1eb-e3a9-46da-8843-f5057c0483fa,CONFIRMED,1,e590a1eb-e3a9-46da-8843-f5057c0483fa,Exact public.users.id to terminal_traders.external_id match
terminal_trader,cfc21aa9-3fd7-41f4-9bb3-20ed12374b30,b35da046-ed01-40dc-a700-c911f543d14f,b35da046-ed01-40dc-a700-c911f543d14f,CONFIRMED,1,b35da046-ed01-40dc-a700-c911f543d14f,Exact public.users.id to terminal_traders.external_id match
terminal_trader,d08ffe83-56b8-4579-9ef7-c364d028792e,b149ef19-5007-4167-a103-878c05aa2891,b149ef19-5007-4167-a103-878c05aa2891,CONFIRMED,0,b149ef19-5007-4167-a103-878c05aa2891,Exact public.users.id to terminal_traders.external_id match
terminal_trader,d31adfc6-c18e-446b-940d-5048cd6da80b,916f6101-c36d-44cb-9184-dc46912cbaaf,916f6101-c36d-44cb-9184-dc46912cbaaf,CONFIRMED,1,916f6101-c36d-44cb-9184-dc46912cbaaf,Exact public.users.id to terminal_traders.external_id match
terminal_trader,d41fe5e4-75dd-48d1-8424-8b43a05df77e,c1520bcc-1780-47b5-a43c-06947f22cba6,c1520bcc-1780-47b5-a43c-06947f22cba6,CONFIRMED,1,c1520bcc-1780-47b5-a43c-06947f22cba6,Exact public.users.id to terminal_traders.external_id match
terminal_trader,d4ae354b-3048-43c7-a6d6-1b44b93867f6,ext_59e4a6b77dc1a989,,UNRESOLVED,4,,No proven exact public.users.id match
terminal_trader,d730f12d-2f70-4b7f-a9a2-bc14ee6f30c4,9c465ac9-348b-428c-8d8c-dbcb823270e0,9c465ac9-348b-428c-8d8c-dbcb823270e0,CONFIRMED,0,9c465ac9-348b-428c-8d8c-dbcb823270e0,Exact public.users.id to terminal_traders.external_id match
terminal_trader,d8134bfe-569c-4b3e-9b1e-8ebcd5ced048,a03933b9-dc1c-4924-9219-2e281e98dd70,a03933b9-dc1c-4924-9219-2e281e98dd70,CONFIRMED,0,a03933b9-dc1c-4924-9219-2e281e98dd70,Exact public.users.id to terminal_traders.external_id match
terminal_trader,d843b642-a9bb-44f6-8b19-985ec4927c7d,b7151c60-d318-4c70-bdcc-6ea0c16b080a,b7151c60-d318-4c70-bdcc-6ea0c16b080a,CONFIRMED,1,b7151c60-d318-4c70-bdcc-6ea0c16b080a,Exact public.users.id to terminal_traders.external_id match
terminal_trader,d8b7bd42-cd00-4b65-80ac-c2fe856df6d1,8e9571eb-f2ad-42cf-8f77-6c80da633cee,8e9571eb-f2ad-42cf-8f77-6c80da633cee,CONFIRMED,0,8e9571eb-f2ad-42cf-8f77-6c80da633cee,Exact public.users.id to terminal_traders.external_id match
terminal_trader,dab16ab6-a30f-4165-9c37-966c542b1249,4004a6f6-d68b-43d9-ba71-26ff0ae7fc1d,4004a6f6-d68b-43d9-ba71-26ff0ae7fc1d,CONFIRMED,0,4004a6f6-d68b-43d9-ba71-26ff0ae7fc1d,Exact public.users.id to terminal_traders.external_id match
terminal_trader,df07e54d-7365-48b5-a56c-92d352095448,429ed925-d513-45a0-b2f7-379b96cec5e1,429ed925-d513-45a0-b2f7-379b96cec5e1,CONFIRMED,0,429ed925-d513-45a0-b2f7-379b96cec5e1,Exact public.users.id to terminal_traders.external_id match
terminal_trader,e04ad72f-2435-42c3-b62d-fc8372320982,4076b382-bf07-46fb-9a62-715b60477392,4076b382-bf07-46fb-9a62-715b60477392,CONFIRMED,0,4076b382-bf07-46fb-9a62-715b60477392,Exact public.users.id to terminal_traders.external_id match
terminal_trader,e1176e04-446b-4141-a9df-d6af6bd27bf6,a8f8582d-324b-4745-b11c-fba3fa3ab723,a8f8582d-324b-4745-b11c-fba3fa3ab723,CONFIRMED,0,a8f8582d-324b-4745-b11c-fba3fa3ab723,Exact public.users.id to terminal_traders.external_id match
terminal_trader,e4f1287c-0c20-495e-b2d1-1f756b58876a,7c6fb215-0d88-467c-9ae0-28ced0d3690b,7c6fb215-0d88-467c-9ae0-28ced0d3690b,CONFIRMED,3,7c6fb215-0d88-467c-9ae0-28ced0d3690b,Exact public.users.id to terminal_traders.external_id match
terminal_trader,e5d77ddd-f7cf-401b-9c51-37dae14001a4,7c403f40-f302-4525-a6fd-19819731f5a2,7c403f40-f302-4525-a6fd-19819731f5a2,CONFIRMED,0,7c403f40-f302-4525-a6fd-19819731f5a2,Exact public.users.id to terminal_traders.external_id match
terminal_trader,ede4cdcf-efc0-48ad-984a-761f0d6bfbd8,9ea3f070-fc36-4eb4-976c-16878fe0b7ee,9ea3f070-fc36-4eb4-976c-16878fe0b7ee,CONFIRMED,0,9ea3f070-fc36-4eb4-976c-16878fe0b7ee,Exact public.users.id to terminal_traders.external_id match
terminal_trader,ee62d3d8-7fc2-418b-b3a3-563cbe0acee1,9b6f4e6d-c2f7-4e17-abd1-15fe14b84584,9b6f4e6d-c2f7-4e17-abd1-15fe14b84584,CONFIRMED,0,9b6f4e6d-c2f7-4e17-abd1-15fe14b84584,Exact public.users.id to terminal_traders.external_id match
terminal_trader,eefa7798-826e-445c-bf21-5a02db029b04,8ccd48a4-ce54-48d9-b713-9e441a21047e,8ccd48a4-ce54-48d9-b713-9e441a21047e,CONFIRMED,1,8ccd48a4-ce54-48d9-b713-9e441a21047e,Exact public.users.id to terminal_traders.external_id match
terminal_trader,f27c265f-56ac-4eb3-99e4-5e6377e05a0f,7b44f12b-6ae8-4809-aed3-2a5f396f28a9,7b44f12b-6ae8-4809-aed3-2a5f396f28a9,CONFIRMED,1,7b44f12b-6ae8-4809-aed3-2a5f396f28a9,Exact public.users.id to terminal_traders.external_id match
terminal_trader,f36c9ed7-414d-4132-b898-349fb10d2735,3728c2f4-0edf-4a1b-a4f6-e16442f90dca,3728c2f4-0edf-4a1b-a4f6-e16442f90dca,CONFIRMED,1,3728c2f4-0edf-4a1b-a4f6-e16442f90dca,Exact public.users.id to terminal_traders.external_id match
terminal_trader,f53cdbbb-b07e-4bc7-951e-4a7c744368c2,363ed565-67c8-47fb-b151-fd69823535d3,363ed565-67c8-47fb-b151-fd69823535d3,CONFIRMED,2,363ed565-67c8-47fb-b151-fd69823535d3,Exact public.users.id to terminal_traders.external_id match
terminal_trader,f6e92a97-5622-4ac8-bf5e-49d3069200e1,237da3c8-10c9-4df3-9f48-cb74305f6004,237da3c8-10c9-4df3-9f48-cb74305f6004,CONFIRMED,0,237da3c8-10c9-4df3-9f48-cb74305f6004,Exact public.users.id to terminal_traders.external_id match
terminal_trader,f72f8291-a7bc-4cfc-b42a-fc3a60afb8b7,02224949-2c57-45aa-864f-cc72de0959dc,02224949-2c57-45aa-864f-cc72de0959dc,CONFIRMED,0,02224949-2c57-45aa-864f-cc72de0959dc,Exact public.users.id to terminal_traders.external_id match
terminal_trader,f7a18f96-fef4-4683-ba2f-9d4e9495328e,25e157f4-e64d-46d1-a6fc-15885f910bd9,25e157f4-e64d-46d1-a6fc-15885f910bd9,CONFIRMED,3,25e157f4-e64d-46d1-a6fc-15885f910bd9,Exact public.users.id to terminal_traders.external_id match
terminal_trader,f825ff08-4431-448c-aceb-c22bbf08e536,ext_2b92969925dc16ab,,UNRESOLVED,4,,No proven exact public.users.id match
terminal_trader,fba7f299-eee8-4ab9-8229-1561a585e3cb,629be9f7-97f8-438e-9eba-206818ef7192,629be9f7-97f8-438e-9eba-206818ef7192,CONFIRMED,1,629be9f7-97f8-438e-9eba-206818ef7192,Exact public.users.id to terminal_traders.external_id match
terminal_trader,fe510dbb-ca91-4191-b6d1-2ad573dd4629,a8efde7f-2707-42ca-a483-394afce7d459,a8efde7f-2707-42ca-a483-394afce7d459,CONFIRMED,0,a8efde7f-2707-42ca-a483-394afce7d459,Exact public.users.id to terminal_traders.external_id match
